﻿<?xml version="1.0"?>
<doc>
<assembly>
<name>
OL3Designer
</name>
</assembly>
<members>
<member name="F:OL3Designer.SridReader.WKTstring.WKID">
	<summary>Well-known ID</summary>
</member><member name="F:OL3Designer.SridReader.WKTstring.WKT">
	<summary>Well-known Text</summary>
</member><member name="F:OL3Designer.SridReader.WKTstring.WKTName">
	<summary>Well-known name</summary>
</member><member name="M:OL3Designer.SridReader.GetSRIDs">
	<summary>Enumerates all SRID's in the SRID.csv file.</summary>
	<returns>Enumerator</returns>
</member><member name="M:OL3Designer.SridReader.GetCSbyID(System.Int32)">
	<summary>Gets a coordinate system from the SRID.csv file</summary>
	<param name="id">EPSG ID</param>
	<returns>Coordinate system, or null if SRID was not found.</returns>
</member><member name="P:OL3Designer.My.Resources.Resources.ResourceManager">
	<summary>
  Returns the cached ResourceManager instance used by this class.
</summary>
</member><member name="P:OL3Designer.My.Resources.Resources.Culture">
	<summary>
  Overrides the current thread's CurrentUICulture property for all
  resource lookups using this strongly typed resource class.
</summary>
</member><member name="P:OL3Designer.My.Resources.Resources.base">
	<summary>
  Looks up a localized string similar to // Copyright 2006 The Closure Library Authors. All Rights Reserved.
//
// Licensed under the Apache License, Version 2.0 (the "License");
// you may not use this file except in compliance with the License.
// You may obtain a copy of the License at
//
//      http://www.apache.org/licenses/LICENSE-2.0
//
// Unless required by applicable law or agreed to in writing, software
// distributed under the License is distributed on an "AS-IS" BASIS,
// WITHOUT WARRANTIES OR CONDITIONS OF ANY KIND, either express or [rest of string was truncated]";.
</summary>
</member><member name="P:OL3Designer.My.Resources.Resources.bootstrap">
	<summary>
  Looks up a localized string similar to /*!
 * Bootstrap v2.3.1
 *
 * Copyright 2012 Twitter, Inc
 * Licensed under the Apache License v2.0
 * http://www.apache.org/licenses/LICENSE-2.0
 *
 * Designed and built with all the love in the world @twitter by @mdo and @fat.
 */

.clearfix {
  *zoom: 1;
}

.clearfix:before,
.clearfix:after {
  display: table;
  line-height: 0;
  content: "";
}

.clearfix:after {
  clear: both;
}

.hide-text {
  font: 0/0 a;
  color: transparent;
  text-shadow: none;
  background-color: transparent;
  border: 0;
}

.inpu [rest of string was truncated]";.
</summary>
</member><member name="P:OL3Designer.My.Resources.Resources.bootstrap1">
	<summary>
  Looks up a localized string similar to /*!
* Bootstrap.js by @fat &amp; @mdo
* Copyright 2012 Twitter, Inc.
* http://www.apache.org/licenses/LICENSE-2.0.txt
*/
!function(e){"use strict";e(function(){e.support.transition=function(){var e=function(){var e=document.createElement("bootstrap"),t={WebkitTransition:"webkitTransitionEnd",MozTransition:"transitionend",OTransition:"oTransitionEnd otransitionend",transition:"transitionend"},n;for(n in t)if(e.style[n]!==undefined)return t[n]}();return e&amp;&amp;{end:e}}()})}(window.jQuery),!function(e){"use stric [rest of string was truncated]";.
</summary>
</member><member name="P:OL3Designer.My.Resources.Resources.colourRamps">
	<summary>
  Looks up a localized string similar to 0,255,255|0,255,0|255,255,0|255,0,0
255,40,50|50,255,10
200,90,255|25,255,50
10,68,230|47,10,5|230,250,10|40,40,80
205,250,150|120,180,75
130,140,150|240,50,200
100,200,40|56,77,200.
</summary>
</member><member name="P:OL3Designer.My.Resources.Resources.column_16xLG">
	<summary>
  Looks up a localized resource of type System.Drawing.Bitmap.
</summary>
</member><member name="P:OL3Designer.My.Resources.Resources.column_16xLG___Copy">
	<summary>
  Looks up a localized resource of type System.Drawing.Bitmap.
</summary>
</member><member name="P:OL3Designer.My.Resources.Resources.DefaultStyleSettings">
	<summary>
  Looks up a localized string similar to Direction Marker:1,0,bottom-left,0.5,fraction,0.5,fraction;
Green Flat Headed Pin:1,0,bottom-left,0.5,fraction,0.5,fraction;
Green Marker:1,0,bottom-left,0.5,fraction,0.5,fraction;
Black Marker:1,0,bottom-left,0.5,fraction,0.5,fraction;
Blue Dot:1,0,bottom-left,0.5,fraction,0.5,fraction;
Green Pin:1,0,bottom-left,0.5,fraction,0.5,fraction;
Orange Pin:1,0,bottom-left,0.5,fraction,0.5,fraction;
Straight Blue Pin:1,0,bottom-left,0.5,fraction,0.5,fraction;
Blue Dashed:2,#0000FF,round,round,0,4;
Red Lin [rest of string was truncated]";.
</summary>
</member><member name="P:OL3Designer.My.Resources.Resources.dialog_16xLG">
	<summary>
  Looks up a localized resource of type System.Drawing.Bitmap.
</summary>
</member><member name="P:OL3Designer.My.Resources.Resources.Editdatasetwithdesigner_8449">
	<summary>
  Looks up a localized resource of type System.Drawing.Bitmap.
</summary>
</member><member name="P:OL3Designer.My.Resources.Resources.extentFunction">
	<summary>
  Looks up a localized string similar to //only add once , not with every map

function setMaxExtent(theMap){
var hasVectorLayer = 0;
//get map view
var view = theMap.getView();
//set up blank extent
var theExtent = new ol.extent.createEmpty();

//cycle through layers
for (i = 0; i &lt; theMap.getLayers().getLength(); i++) { 
if (theMap.getLayers().item(i) instanceof ol.layer.Tile ){}else{
if (hasVectorLayer != 1){
theExtent = theMap.getLayers().item(i).getSource().getExtent();
}
//alert(theMap.getLayers().item(i).get('name'));
hasVec [rest of string was truncated]";.
</summary>
</member><member name="P:OL3Designer.My.Resources.Resources.HeatmapPreview">
	<summary>
  Looks up a localized string similar to &lt;!doctype html&gt;
&lt;html lang="en"  style='margin:0;padding:0;width: 100%; height: 100%;overflow:hidden;'&gt;
  &lt;head&gt;
    &lt;meta charset="utf-8"&gt;
	&lt;meta http-equiv="X-UA-Compatible" content="IE=edge"/&gt;

  &lt;/head&gt;
  
	&lt;body  style='margin:0;padding:0;width: 100%; height: 100%;'&gt;
&lt;script src='OLFILEPATHol.js' type='text/javascript'&gt;&lt;/script&gt; &lt;link rel='stylesheet' href='ol.css' type='text/css'&gt;
&lt;script src='OLFILEPATHproj4.js' type='text/javascript'&gt;&lt;/script&gt; 


&lt;script src='OLFILEPATHbase.js' type='text/jav [rest of string was truncated]";.
</summary>
</member><member name="P:OL3Designer.My.Resources.Resources.jQuery">
	<summary>
  Looks up a localized string similar to /*! jQuery v1.7.2 jquery.com | jquery.org/license */
(function(a,b){function cy(a){return f.isWindow(a)?a:a.nodeType===9?a.defaultView||a.parentWindow:!1}function cu(a){if(!cj[a]){var b=c.body,d=f("&lt;"+a+"&gt;").appendTo(b),e=d.css("display");d.remove();if(e==="none"||e===""){ck||(ck=c.createElement("iframe"),ck.frameBorder=ck.width=ck.height=0),b.appendChild(ck);if(!cl||!ck.createElement)cl=(ck.contentWindow||ck.contentDocument).document,cl.write((f.support.boxModel?"&lt;!doctype html&gt;":"")+"&lt;html&gt;&lt;body&gt;"),cl.cl [rest of string was truncated]";.
</summary>
</member><member name="P:OL3Designer.My.Resources.Resources.keyFunction">
	<summary>
  Looks up a localized string similar to function createKey(keyObject){
var changeHandlerEvals = "";
keyLayers = keyObject['keyLayers'];
keyDiv = keyObject['keyDiv'];
keyHeading = keyObject['keyTitle'];
keyPadding = keyObject['keyPadding'];
keyPatchSize = keyObject['keyPatchSize'];

//blank anything in div
document.getElementById(keyDiv).innerHTML = "";

//get info
var numberOfKeyLayers = keyLayers.length;
var theKeyHTML = "&lt;div  style='padding:" + keyPadding + "px;'&gt;" + keyHeading;

//for each layer you need 1. the styles . 2. the values which re [rest of string was truncated]";.
</summary>
</member><member name="P:OL3Designer.My.Resources.Resources.LABELJS">
	<summary>
  Looks up a localized string similar to &lt;!doctype html&gt;
&lt;html lang="en"  style='margin:0;padding:0;width: 100%; height: 100%;overflow:hidden;'&gt;
  &lt;head&gt;
    &lt;meta charset="utf-8"&gt;
	&lt;meta http-equiv="X-UA-Compatible" content="IE=edge"/&gt;

  &lt;/head&gt;
  
	&lt;body  style='margin:0;padding:0;width: 100%; height: 100%;'&gt;
		&lt;div id="map" style="width: 100%; height: 100%;margin:0;padding:0;"&gt;&lt;/div&gt;
		&lt;script src="OLFILEPATHol.js" type="text/javascript"&gt;&lt;/script&gt;
	
&lt;script&gt;

var PointFeature = new ol.Feature({
  geometry: new ol.geom.Point([0,  [rest of string was truncated]";.
</summary>
</member><member name="P:OL3Designer.My.Resources.Resources.Offline_16xLG__2">
	<summary>
  Looks up a localized resource of type System.Drawing.Bitmap.
</summary>
</member><member name="P:OL3Designer.My.Resources.Resources.ol">
	<summary>
  Looks up a localized string similar to .ol-attribution{position:absolute;text-align:right;bottom:0;right:0;padding:6px;color:#000;color:rgba(238,238,238,1);background:rgba(0,60,136,0.3)}.ol-attribution a{text-decoration:none;color:#7b98bc;color:rgba(255,255,255,1)}.ol-attribution ul{margin:0;padding:0;font-size:10px;line-height:12px}.ol-attribution li{display:inline;list-style:none;line-height:inherit}.ol-attribution li:not(:last-child):after{content:"\002003"}.ol-attribution-bing-tos{float:right;padding-top:2px;white-space:nowrap}.ol-logo{botto [rest of string was truncated]";.
</summary>
</member><member name="P:OL3Designer.My.Resources.Resources.ol_deps">
	<summary>
  Looks up a localized string similar to // This file was autogenerated by /home/elemoine/src/openlayers.github.io/.grunt/openlayers-website/repo/node_modules/closure-util/.deps/library/8ef01183c539886a0c0458d8cc6d968170ae8d76/closure/bin/build/depswriter.py.
// Please do not edit.
goog.addDependency('../../../ol/ol/animation.js', ['ol.animation'], ['ol.PreRenderFunction', 'ol.ViewHint', 'ol.coordinate', 'ol.easing']);
goog.addDependency('../../../ol/ol/array.js', ['ol.array'], ['goog.array', 'goog.asserts']);
goog.addDependency('../../../ol/ol/at [rest of string was truncated]";.
</summary>
</member><member name="P:OL3Designer.My.Resources.Resources.ol1">
	<summary>
  Looks up a localized string similar to // OpenLayers 3. See http://openlayers.org/
// License: https://raw.githubusercontent.com/openlayers/ol3/master/LICENSE.md
// Version: v3.4.0

(function (root, factory) {
  if (typeof define === "function" &amp;&amp; define.amd) {
    define([], factory);
  } else if (typeof exports === "object") {
    module.exports = factory();
  } else {
    root.ol = factory();
  }
}(this, function () {
  var OPENLAYERS = {};
  var l,aa=aa||{},ba=this;function m(b){return void 0!==b}function t(b,c,d){b=b.split(".");d=d||ba;b[0] [rest of string was truncated]";.
</summary>
</member><member name="P:OL3Designer.My.Resources.Resources.olstyle_icon__Direction_Marker">
	<summary>
  Looks up a localized resource of type System.Drawing.Bitmap.
</summary>
</member><member name="P:OL3Designer.My.Resources.Resources.olstyle_icon__Green_Flat_Headed_Pin">
	<summary>
  Looks up a localized resource of type System.Drawing.Bitmap.
</summary>
</member><member name="P:OL3Designer.My.Resources.Resources.olstyle_icon__Green_Marker">
	<summary>
  Looks up a localized resource of type System.Drawing.Bitmap.
</summary>
</member><member name="P:OL3Designer.My.Resources.Resources.olstyle_icon_Black_Marker">
	<summary>
  Looks up a localized resource of type System.Drawing.Bitmap.
</summary>
</member><member name="P:OL3Designer.My.Resources.Resources.olstyle_icon_Blue_Dot">
	<summary>
  Looks up a localized resource of type System.Drawing.Bitmap.
</summary>
</member><member name="P:OL3Designer.My.Resources.Resources.olstyle_icon_Green_Pin">
	<summary>
  Looks up a localized resource of type System.Drawing.Bitmap.
</summary>
</member><member name="P:OL3Designer.My.Resources.Resources.olstyle_icon_Orange_Pin">
	<summary>
  Looks up a localized resource of type System.Drawing.Bitmap.
</summary>
</member><member name="P:OL3Designer.My.Resources.Resources.olstyle_icon_Straight_Blue_Pin">
	<summary>
  Looks up a localized resource of type System.Drawing.Bitmap.
</summary>
</member><member name="P:OL3Designer.My.Resources.Resources.olstyle_line_Blue_Dashed">
	<summary>
  Looks up a localized resource of type System.Drawing.Bitmap.
</summary>
</member><member name="P:OL3Designer.My.Resources.Resources.olstyle_line_Red_Line">
	<summary>
  Looks up a localized resource of type System.Drawing.Bitmap.
</summary>
</member><member name="P:OL3Designer.My.Resources.Resources.olstyle_marker_Blue_Point">
	<summary>
  Looks up a localized resource of type System.Drawing.Bitmap.
</summary>
</member><member name="P:OL3Designer.My.Resources.Resources.olstyle_marker_Red_Point">
	<summary>
  Looks up a localized resource of type System.Drawing.Bitmap.
</summary>
</member><member name="P:OL3Designer.My.Resources.Resources.olstyle_polygon_Purple">
	<summary>
  Looks up a localized resource of type System.Drawing.Bitmap.
</summary>
</member><member name="P:OL3Designer.My.Resources.Resources.olstyle_polygon_Red">
	<summary>
  Looks up a localized resource of type System.Drawing.Bitmap.
</summary>
</member><member name="P:OL3Designer.My.Resources.Resources.PencilTool_206">
	<summary>
  Looks up a localized resource of type System.Drawing.Bitmap.
</summary>
</member><member name="P:OL3Designer.My.Resources.Resources.POPUPJS">
	<summary>
  Looks up a localized string similar to .
</summary>
</member><member name="P:OL3Designer.My.Resources.Resources.PopupJS1">
	<summary>
  Looks up a localized string similar to &lt;!doctype html&gt;
&lt;html lang="en"&gt;
  &lt;head&gt;
  &lt;meta charset="utf-8"&gt;
  &lt;meta http-equiv="X-UA-Compatible" content="IE=edge"/&gt;

    &lt;style&gt;
      #map {
        position: relative;
      }
      #popup {
        padding-bottom: 0px;
      }
	  
	  .map {
	  
		  height: 400px;
		  width: 100%;
			}
			

		#tags {
		  display: none;
		}

		
.clearfix {
  *zoom: 1;
}

.clearfix:before,
.clearfix:after {
  display: table;
  line-height: 0;
  content: "";
}

.clearfix:after {
 [rest of string was truncated]";.
</summary>
</member><member name="P:OL3Designer.My.Resources.Resources.POPUPJSPREVEW">
	<summary>
  Looks up a localized string similar to  .
</summary>
</member><member name="P:OL3Designer.My.Resources.Resources.PopupJSPreview">
	<summary>
  Looks up a localized string similar to &lt;!DOCTYPE HTML&gt;
&lt;HTML lang="en"&gt;
&lt;HEAD&gt;
 
&lt;META charset="utf-8"&gt; 
&lt;META http-equiv="X-UA-Compatible" content="IE=edge"&gt; 

&lt;style&gt;
/*!
 * Bootstrap v3.2.0 (http://getbootstrap.com)
 * Copyright 2011-2014 Twitter, Inc.
 * Licensed under MIT (https://github.com/twbs/bootstrap/blob/master/LICENSE)
 *//*! normalize.css v3.0.1 | MIT License | git.io/normalize */html{font-family:sans-serif;-webkit-text-size-adjust:100%;-ms-text-size-adjust:100%}body{margin:0}article,aside,details,figcaption,figure,foot [rest of string was truncated]";.
</summary>
</member><member name="P:OL3Designer.My.Resources.Resources.proj4">
	<summary>
  Looks up a localized string similar to !function(a){if("object"==typeof exports)module.exports=a();else if("function"==typeof define&amp;&amp;define.amd)define(a);else{var b;"undefined"!=typeof window?b=window:"undefined"!=typeof global?b=global:"undefined"!=typeof self&amp;&amp;(b=self),b.proj4=a()}}(function(){return function a(b,c,d){function e(g,h){if(!c[g]){if(!b[g]){var i="function"==typeof require&amp;&amp;require;if(!h&amp;&amp;i)return i(g,!0);if(f)return f(g,!0);throw new Error("Cannot find module '"+g+"'")}var j=c[g]={exports:{}};b[g][0].call(j.exports,function(a){v [rest of string was truncated]";.
</summary>
</member><member name="P:OL3Designer.My.Resources.Resources.STYLEJS">
	<summary>
  Looks up a localized string similar to &lt;!doctype html&gt;
&lt;html lang="en"  style='margin:0;padding:0;width: 100%; height: 100%;overflow:hidden;'&gt;
  &lt;head&gt;
    &lt;meta charset="utf-8"&gt;
	&lt;meta http-equiv="X-UA-Compatible" content="IE=edge"/&gt;

  &lt;/head&gt;
  
	&lt;body  style='margin:0;padding:0;width: 100%; height: 100%;'&gt;
		&lt;div id="map" style="width: 100%; height: 100%;margin:0;padding:0;"&gt;&lt;/div&gt;
		&lt;script src="OLFILEPATHol.js" type="text/javascript"&gt;&lt;/script&gt;
	
&lt;script&gt;

var PointFeature = new ol.Feature({
  geometry: new ol.geom.Point([0,  [rest of string was truncated]";.
</summary>
</member><member name="P:OL3Designer.My.Resources.Resources.URI">
	<summary>
  Looks up a localized string similar to /*! URI.js v1.14.1 http://medialize.github.io/URI.js/ */
/* build contains: IPv6.js, punycode.js, SecondLevelDomains.js, URI.js, URITemplate.js, jquery.URI.js, URI.fragmentURI.js */
(function(c,h){"object"===typeof exports?module.exports=h():"function"===typeof define&amp;&amp;define.amd?define(h):c.IPv6=h(c)})(this,function(c){var h=c&amp;&amp;c.IPv6;return{best:function(c){c=c.toLowerCase().split(":");var m=c.length,b=8;""===c[0]&amp;&amp;""===c[1]&amp;&amp;""===c[2]?(c.shift(),c.shift()):""===c[0]&amp;&amp;""===c[1]?c.shift():""===c[m-1]&amp;&amp;""== [rest of string was truncated]";.
</summary>
</member><member name="T:OL3Designer.My.Resources.Resources">
	<summary>
  A strongly-typed resource class, for looking up localized strings, etc.
</summary>
</member><member name="F:OL3Designer.EnvironmentalGdal._MakeEnvironment">
	<summary>
 Status for Set enviroment (Register drive, set path,...)
 </summary>
</member><member name="M:OL3Designer.EnvironmentalGdal.MakeEnvironment(System.String)">
	<summary>
 Set environment (Register drive, set path,...)
 </summary>
</member><member name="M:OL3Designer.EnvironmentalGdal._SetEnvironment(System.String)">
	<summary>
 Make and set variables system for GDAL DLL´s
 Create variables GDAL (IF not exist):
 - GDAL_DATA        -&gt; %Program Path% \data
 - GEOTIFF_CSV      -&gt; %Program Path% \data
 - GDAL_DRIVER_PATH -&gt; %Program Path% \gdalplugins
 
  Add PATH
  - PATH            -&gt; PATH + %Program Path% + %Program Path%\dll
  
 Struct folder for this program and files (Folder : files)
 -- %Program Path% : %name program%, %this DLL%, %*_csharp.dll% (Ex.: GdalToTilesWin.exe, MngImg.dll, gdal_csharp.dll, osr_csharp.dll)
          |_ dll: FWTools Dll´s for this program
          |_ data: files find in FWTools\data
          |_ gdalplugins: files find in FWTools\gdalplugins
 </summary>
</member>
</members>
</doc>